,A,B,C,D
2000-01-01,-1.22507160068,0.801683966814,-0.379105031218,-1.23974011112
2000-01-02,-1.63721266697,0.674406302657,0.041367663251,-1.74888999085
2000-01-03,-2.02544569741,-0.213027892901,-0.387016657792,-0.0463922932384
2000-01-04,-1.37693247529,0.938919425034,-0.141218159907,0.475458926055
2000-01-05,-0.263447115169,1.44794528792,0.146584977975,0.191719926488
2000-01-06,0.103592772789,2.44033542712,-1.32968117783,2.30339587856
2000-01-07,0.0343746519384,4.02792403488,-0.807556075322,2.41621659583
2000-01-08,-0.234895273327,2.60838898215,0.0072153354812,3.00735036102
2000-01-09,-1.23228909761,3.88969790984,1.91460680314,5.01490048907
2000-01-10,-2.86202394245,4.29978056181,1.69995752433,5.4107987533
2000-01-11,-2.56219227006,3.5658568592,1.86177012947,5.01826607453
2000-01-12,-2.71985243788,1.72803401707,3.23026233004,3.96831845295
2000-01-13,-2.66953864205,4.00994540872,2.34547441549,5.12321320311
2000-01-14,-3.33401718735,4.13638918233,1.29124499474,6.8340341137
2000-01-15,-4.18747472796,4.30422209237,0.619532033856,6.35241375326
2000-01-16,-4.57040619148,3.44819900836,1.48525159766,6.59737676072
2000-01-17,-4.42247943347,4.54108347946,-0.0428856476168,5.79329916154
2000-01-18,-6.30648019593,4.05480972536,0.640941515986,7.13978452046
2000-01-19,-6.67766189407,3.8039654193,-0.431400993125,7.08950880968
2000-01-20,-5.35194807586,3.87801443654,-1.72640287716,6.81047614082
2000-01-21,-5.42393894241,5.68125932792,-1.14712781903,6.77768230203
2000-01-22,-6.02495606773,5.28212741715,-0.184408386159,7.08519704413
2000-01-23,-6.84897620301,5.65229870065,-0.810095843699,7.33836916057
2000-01-24,-7.04022332119,5.87006310617,-0.0112492690005,8.17374288925
2000-01-25,-6.24745611734,5.549303593,1.90061288166,9.68144383911
2000-01-26,-5.78254279587,5.07056512866,0.825722708044,9.96260273016
2000-01-27,-5.41113790678,5.97429114383,1.64735166436,9.91022654364
2000-01-28,-5.02496069588,4.65904206621,1.63614891611,10.8318000742
2000-01-29,-4.27479496661,5.06258322716,2.61847314812,10.2396454752
2000-01-30,-3.60387040982,5.14039742589,1.27712704495,10.700394973
2000-01-31,-4.04673447017,3.89381001664,1.89943407109,10.3288858419
2000-02-01,-4.10494126007,3.23828959131,2.4570455331,11.1658520088
2000-02-02,-2.96274348914,4.39194603101,3.64636868739,10.9956469069
2000-02-03,-2.96160136302,4.02227432103,4.82805349363,10.0094126091
2000-02-04,-2.72210905395,4.42845636279,5.07269219632,10.3054147867
2000-02-05,-3.72438720577,3.17693571638,5.35096997117,9.95141572849
2000-02-06,-3.08059861485,3.23314549246,6.31888971294,5.98925553069
2000-02-07,-1.72520460441,2.28881292233,5.20221165847,5.97723870295
2000-02-08,-3.29485917781,2.41862329352,3.65127951733,6.76517977759
2000-02-09,-4.00763401589,3.2902473971,3.04146811965,5.49302432065
2000-02-10,-4.89847023331,4.406428932,2.04361306285,4.55628954568
2000-02-11,-6.87803323418,2.8237379853,1.08810881774,3.56168201521
2000-02-12,-5.71161491042,3.31644676266,1.78078030056,4.13170463384
2000-02-13,-4.12276709364,3.65068258962,1.24567667088,3.09044250456
2000-02-14,-5.63367385183,3.50604201516,0.103447206173,2.19126146022
2000-02-15,-6.3840855916,1.08169331052,-1.39892167126,1.598034967
2000-02-16,-6.95060889377,1.96839330855,-2.19912691908,0.47812886426
2000-02-17,-7.69679473549,1.74299433648,-3.30145328861,-0.363751554978
2000-02-18,-8.21078308626,2.78666613339,-3.81354807075,1.09394932743
2000-02-19,-7.00762831067,2.32054336254,-2.75722855436,3.16287564867
2000-02-20,-7.51735355414,1.44310553251,-3.4676975968,2.98395202085
2000-02-21,-6.74481095443,0.78892811516,-2.30059189247,3.61112004457
2000-02-22,-7.37824434322,-1.05372625856,-2.03865088407,4.29264194872
2000-02-23,-6.33965889656,-2.49538132949,-2.05986145721,2.02439130179
2000-02-24,-7.27391473379,-2.35580481764,-3.24243696066,2.3571702155
2000-02-25,-5.79709140482,-1.74289174411,-3.15559730066,2.24531383959
2000-02-26,-6.71390858544,-2.69092414735,-2.80094938502,3.37640726371
2000-02-27,-7.92325506298,-2.17167872613,-2.84656315468,3.68496721746
2000-02-28,-8.32247678867,-1.39503269051,-3.44831299582,4.16726658835
2000-02-29,-6.92067703809,-0.811397915427,-2.71657712516,7.2978709493
2000-03-01,-7.81726972037,-0.0878145522155,-0.802388191413,7.52003372744
2000-03-02,-6.28608402607,-0.606871801745,-1.95757613955,5.49852932326
2000-03-03,-6.10550923535,-1.14936246624,-0.114244222393,6.02368804434
2000-03-04,-5.76044642315,-0.103294396755,-0.594325529983,7.58703997289
2000-03-05,-5.12715779983,1.16710854647,-1.28894184782,6.82718920389
2000-03-06,-5.68333442753,0.860325468958,-1.08170586643,6.86672352773
2000-03-07,-6.20212330524,1.34327161911,0.332910199931,6.33207007504
2000-03-08,-6.82506724607,2.30334574337,-0.324618031523,6.40232379267
2000-03-09,-6.29472784643,2.26760808961,-0.530568989259,6.63645711938
2000-03-10,-5.57806623041,2.8796339823,-2.1940378675,8.12889524954
2000-03-11,-5.12418159272,2.3657118023,-3.84068027798,8.34693347389
2000-03-12,-7.26831925922,2.29180161518,-3.23030188577,7.25962022346
2000-03-13,-5.0435652784,2.49956206518,-4.12136682905,7.77846037388
2000-03-14,-4.87761517633,1.650680634,-4.57128869239,7.22910622972
2000-03-15,-4.97701410395,1.27440815831,-5.81702226849,9.15517980187
2000-03-16,-4.80240789191,0.840321478293,-5.77521451419,9.3678230326
2000-03-17,-5.39167928138,-1.07390571096,-6.47084998477,10.6831932523
2000-03-18,-5.66999377702,-0.739747552177,-7.4680844837,11.1002800869
2000-03-19,-4.04401252686,-0.0889847472036,-7.986099932,11.7132958227
2000-03-20,-3.88922233952,-0.100618832372,-7.82306514562,12.3481689267
2000-03-21,-4.91252227427,-0.228971132428,-9.19625012044,14.8929423547
2000-03-22,-5.17534711648,0.0507149703123,-8.0518729569,14.1694903141
2000-03-23,-5.76596787534,-0.59409711221,-6.18186515863,15.0975074633
2000-03-24,-6.25445985905,-2.57890281755,-7.0112089948,15.4364215915
2000-03-25,-7.78188837252,-0.903671506765,-8.39707336826,16.0429814558
2000-03-26,-7.61772557698,-0.529234913462,-7.51156263758,17.8082923994
2000-03-27,-7.13347884185,0.218105035171,-6.5651320066,17.3097629029
2000-03-28,-7.71483273614,-0.0506729074298,-7.90971706516,17.9986922152
2000-03-29,-9.10863045459,-0.106312633531,-8.63777216499,16.2736163576
2000-03-30,-7.35408823129,-2.04149939838,-10.2214483988,15.9723874263
2000-03-31,-8.05566597869,-2.15685491064,-10.8388022498,16.3434985933
2000-04-01,-9.60871499722,-1.56872479484,-12.3132760697,15.1856892313
2000-04-02,-8.3990081016,-2.02244706897,-12.6482851402,15.1346361342
2000-04-03,-9.62700293257,-1.94903293546,-13.603355011,15.3116431708
2000-04-04,-12.5702145726,0.351621806692,-12.832594198,14.9553518159
2000-04-05,-11.4686321377,0.587590977704,-13.7921033264,14.0401895539
2000-04-06,-13.1049924805,1.14480610349,-13.8275845611,14.5229685949
2000-04-07,-12.2300341859,3.17423783826,-13.5309685332,13.9775939333
2000-04-08,-12.2519837664,4.96595733499,-13.6055662087,14.3193629896
2000-04-09,-14.4705076521,3.87621302143,-13.4531004504,12.6285112375
2000-04-10,-13.0010152662,4.40233808939,-13.2262072522,13.6274510265
2000-04-11,-11.4561573165,4.88336675327,-14.2635483304,14.206379264
2000-04-12,-11.9823257611,5.31558996009,-13.7838860411,15.6015070941
2000-04-13,-11.5379889893,4.65549810241,-15.190739213,15.4212883679
2000-04-14,-10.9419779832,3.59895850854,-15.3690792324,14.6457103624
2000-04-15,-10.0911086655,2.44872336859,-16.3311457081,12.5798063552
2000-04-16,-8.7541674645,3.10128381965,-17.1798722689,12.3042137976
2000-04-17,-8.27669616781,3.3009339985,-16.940856725,12.671087032
2000-04-18,-8.80064122901,5.04965475514,-17.0988276202,13.5971875681
2000-04-19,-8.52079784991,3.88395409439,-18.4108585821,13.338619913
2000-04-20,-9.67147474081,2.73478101176,-16.1915655002,13.8394987361
2000-04-21,-8.8094532658,3.0402771781,-16.8950549273,14.6379655823
2000-04-22,-9.86599298898,4.27606771949,-18.2122806657,15.2137485155
2000-04-23,-10.833935997,4.10131485168,-18.4621985466,14.7144082618
2000-04-24,-12.6337002443,4.7955818613,-17.3113756079,14.6348361265
2000-04-25,-12.6969699815,5.64145058093,-16.4365140096,16.7504511669
2000-04-26,-14.0509136047,6.2060296171,-15.5227804744,16.2437450623
2000-04-27,-13.7949081219,5.92031652331,-16.3357519372,15.5619162259
2000-04-28,-13.1495287444,5.20542278325,-18.1665898564,14.7718084895
2000-04-29,-12.8256426274,5.90793373853,-19.2611667246,14.472911369
2000-04-30,-12.2646885483,5.11787322272,-19.5559599354,13.9191745292
2000-05-01,-11.1338479598,5.07240597796,-21.0769906761,12.3492257317
2000-05-02,-10.0074571786,4.43077891085,-21.7231698098,11.8587465503
2000-05-03,-11.3789585048,3.75904316737,-21.8334854928,11.2418020206
2000-05-04,-11.9076109932,2.71395420603,-20.567420653,11.9591143098
2000-05-05,-10.5396204711,2.38979410599,-21.5866166341,11.2604724755
2000-05-06,-12.4349266922,1.00427335529,-21.0194350502,12.1289083502
2000-05-07,-13.4984810665,-0.0382431149166,-19.8252365518,12.3705872625
2000-05-08,-11.7647702582,-0.027002982468,-20.0206477945,12.9543524441
2000-05-09,-11.2495077705,1.00147245804,-19.6917758209,12.2146813259
2000-05-10,-10.6632006981,1.66362267813,-22.2173554245,13.2634160963
2000-05-11,-10.0238908557,-0.911381880798,-22.9230124446,14.1931731053
2000-05-12,-8.17062729531,-2.6400021952,-22.7354058072,14.5912501223
2000-05-13,-8.66605605445,-2.66849968694,-22.0031294973,14.858915706
2000-05-14,-6.77922091354,-2.08931497334,-22.055384068,14.5437189701
2000-05-15,-7.01077111727,-0.774730309462,-22.8399727505,15.2362211762
2000-05-16,-6.34316178476,0.0710454307921,-21.7997682472,15.5388975938
2000-05-17,-6.34749327499,-0.0500934164659,-21.497227179,15.9137927127
2000-05-18,-7.07292707453,0.727360293674,-21.9621935763,15.9818064996
2000-05-19,-7.60932429833,1.57711312281,-21.3392693372,17.7216406103
2000-05-20,-6.98306396233,1.91623454584,-19.1965962558,17.5889900225
2000-05-21,-5.55129478318,1.42668079792,-20.7173883131,17.1673983215
2000-05-22,-3.27295185003,2.38228990438,-20.5926615181,16.2996346512
2000-05-23,-2.33063226299,3.53891592013,-19.8792021145,16.7365138814
2000-05-24,-1.54683900587,3.31721059729,-21.2915405573,15.7729086126
2000-05-25,-1.77387669826,4.42851544906,-19.6348983555,17.2244890616
2000-05-26,-3.39580170194,5.4406523086,-20.1700696104,17.2287654754
2000-05-27,-3.18156012851,4.4832058711,-20.344057522,17.5596365523
2000-05-28,-2.68389879878,5.20451238415,-20.979124793,16.9667114166
2000-05-29,-2.97270673367,6.01618892447,-21.3853157282,16.2902598678
2000-05-30,-3.58476994135,6.53793952395,-19.5093446754,16.6317066963
2000-05-31,-3.49483660174,7.08457328413,-18.9720031723,17.1624204824
2000-06-01,-2.87666564087,7.28862233249,-19.1744499711,17.1698997487
2000-06-02,-3.80977723025,5.78082355215,-17.4924705337,17.2434534166
2000-06-03,-4.06278617831,5.33773834423,-18.087931575,16.5813809796
2000-06-04,-3.37703037604,5.30874823383,-19.7109500639,17.8319577284
2000-06-05,-2.12589140866,4.09550060926,-20.1242561637,18.1747731043
2000-06-06,-2.2471609716,5.76255147262,-19.7290616158,18.7317019233
2000-06-07,-3.27640089026,6.98634118467,-19.2092097215,19.5038899418
2000-06-08,-2.28470403701,8.51231373739,-20.6127071908,18.1843593118
2000-06-09,-1.7294768874,8.94805320699,-21.9346271527,18.2638724684
2000-06-10,-2.54792990837,8.18976131555,-22.3537778098,17.2626907442
2000-06-11,-2.69136214798,7.13960786169,-23.0606688539,17.1781589654
2000-06-12,-2.70882018709,5.89514959972,-23.6268931171,16.5341970662
2000-06-13,-4.49053343147,6.73637390058,-22.7774537784,16.1165331519
2000-06-14,-5.01169663468,7.48271373133,-23.377349838,15.5291544782
2000-06-15,-4.95123085284,7.37974386139,-22.3686742923,15.2006726555
2000-06-16,-6.77144466156,6.43885644688,-22.0713557044,14.8667465627
2000-06-17,-7.08741282389,5.54583795235,-20.9292079865,16.1992673393
2000-06-18,-7.47550326728,4.35166091854,-21.2897136773,17.0452502812
2000-06-19,-7.69629046668,2.80371145804,-20.3600438786,17.2336672539
2000-06-20,-6.99967811615,4.097860943,-21.1648943296,17.4946439967
2000-06-21,-7.05181985696,2.49941646276,-21.5284750665,17.3598661955
2000-06-22,-8.0257708,2.94129655017,-20.5849717588,17.9915803181
2000-06-23,-4.98996070354,1.667931532,-20.8655081195,17.3548024497
2000-06-24,-5.1954778819,1.58405944239,-20.155684695,16.2502825549
2000-06-25,-4.88577691677,1.29587737065,-21.2948198484,16.6317396144
2000-06-26,-3.2157185011,1.38731174503,-21.3463234511,16.4569456012
2000-06-27,-4.03388317803,-0.716507890315,-23.0382144808,16.0760451863
2000-06-28,-2.72077285764,0.738751884991,-22.8497975559,15.8255237117
2000-06-29,-4.19996335183,0.339514217806,-23.8039778188,14.8690897287
2000-06-30,-4.20106973048,0.787989382661,-23.2000607596,16.0604845002
2000-07-01,-6.35535198634,1.64927492869,-22.0892512674,17.6856553944
2000-07-02,-4.4765886981,1.62050970977,-23.0738077057,17.6696224212
2000-07-03,-4.80788490732,0.55072580351,-22.5222111521,18.2314244105
2000-07-04,-6.16070394438,-1.28128079175,-24.1283360903,15.8320360715
2000-07-05,-6.79759842751,-0.863719701358,-25.766243214,14.972771263
2000-07-06,-6.36396433407,-2.2126093457,-27.0802085183,14.9044227827
2000-07-07,-7.23280488523,-2.11086149252,-27.1099946587,15.8655574934
2000-07-08,-7.94407414283,-2.31036047941,-26.8213200724,16.5577336874
2000-07-09,-7.58655049233,-1.14526344632,-26.5555852541,15.1421575738
2000-07-10,-6.52945629676,-0.988778371175,-27.3614702626,14.3578498076
2000-07-11,-6.80358474278,1.36638991727,-27.2010049947,15.5209005165
2000-07-12,-8.2000999608,2.95185516375,-28.8205366702,16.2635417961
2000-07-13,-8.8518496262,3.44621024899,-29.1233691978,13.2890711106
2000-07-14,-6.78718513749,3.30927735926,-30.8946992775,13.1821364946
2000-07-15,-6.50877346877,2.41583332755,-30.3344347965,13.0815331399
2000-07-16,-7.57399354839,2.75955271651,-30.3908084808,14.2057557573
2000-07-17,-8.39980934973,2.06505310063,-29.1474282657,13.9873931185
2000-07-18,-7.92680078203,2.77244949773,-30.3263933469,13.7914673178
2000-07-19,-7.74336218808,1.59977535694,-31.9989807259,13.9660429608
2000-07-20,-8.77706001543,1.2698671586,-33.3227952678,12.094884813
2000-07-21,-7.17066110991,1.37994664423,-33.3034789067,12.758123767
2000-07-22,-5.63083206407,2.18994375071,-32.1521653833,12.3942846822
2000-07-23,-4.92067792169,1.46327313503,-31.375624182,10.5293525357
2000-07-24,-6.65301894667,1.02785448789,-32.4261334014,11.434584259
2000-07-25,-7.59284000775,1.55331743909,-31.8296230017,12.1931879436
2000-07-26,-6.82049932964,0.976915856752,-31.941877374,11.9271449311
2000-07-27,-6.48222885965,-0.00629359408718,-32.3506131061,12.0119544883
2000-07-28,-7.17298185213,-0.997993022392,-32.8600875568,12.0466081001
2000-07-29,-6.35796210261,-2.88542432865,-32.1193527286,13.1528484495
2000-07-30,-7.7162711723,-3.45993765946,-30.8375305997,12.5481251285
2000-07-31,-5.88236908017,-2.48739143777,-32.6454907549,11.6113112258
2000-08-01,-5.83366328142,-3.95145251751,-32.1633686382,11.9219798928
2000-08-02,-5.63120291391,-2.70972927269,-32.3138039616,11.3543663227
2000-08-03,-5.93743203692,-3.11996946098,-31.9927765944,11.496857013
2000-08-04,-6.42246614321,-3.87791947415,-32.1609906416,11.0835225211
2000-08-05,-5.41299328437,-2.53176975739,-32.3214238687,12.6536946113
2000-08-06,-5.11280917207,-2.2304467079,-31.703138006,12.8041760847
2000-08-07,-5.00441980658,-3.81486641262,-30.5503721022,13.5722039628
2000-08-08,-3.17357423373,-4.15734156908,-33.6589808301,14.5009502102
2000-08-09,-2.82639643472,-4.52069280872,-33.189174883,13.7421134965
2000-08-10,-0.688437496936,-4.6192814248,-33.09202652,12.5955880111
2000-08-11,-1.59895029987,-4.30392420179,-33.5422343477,12.5475592577
2000-08-12,-3.17135145994,-3.69699059638,-33.2336474514,11.4796184181
2000-08-13,-3.80185499137,-3.78780700232,-33.7418587369,12.0736239367
2000-08-14,-1.50990582666,-4.66696961155,-35.4543940139,12.9592034756
2000-08-15,-2.08646817025,-5.0556300318,-34.5226645369,15.1754160319
2000-08-16,-1.59656192725,-4.75849633498,-34.4998478423,14.9968202666
2000-08-17,-1.82554415122,-3.72527756254,-34.6168744886,15.4075317047
2000-08-18,-3.45837178321,-4.79200736114,-33.6148465554,14.9223239016
2000-08-19,-4.50895941448,-5.83299048386,-31.7327241677,15.191666922
2000-08-20,-4.20879903899,-6.58738305278,-31.2337147926,14.519559
2000-08-21,-4.13144886956,-6.03302795499,-30.8919037134,15.6338866305
2000-08-22,-5.32931047055,-4.78485101245,-29.4374730348,15.169442448
2000-08-23,-5.57720105779,-7.22181221481,-29.8117825422,16.0787320697
2000-08-24,-5.97966584436,-7.23012563827,-30.3770039824,16.8453991116
2000-08-25,-6.7991396323,-6.47925844813,-30.4745051771,17.2313267629
2000-08-26,-7.08531076135,-6.31262601455,-31.8753565321,19.7625717029
2000-08-27,-5.87926892297,-7.06746309633,-31.3470316931,20.4998302393
2000-08-28,-5.15517010505,-7.1856068457,-31.0113096737,22.6885867116
2000-08-29,-5.44624130427,-6.71457640379,-31.7054268927,22.2621832386
2000-08-30,-2.54815086251,-5.41661023219,-31.9794309852,22.7184113424
2000-08-31,-3.73513592919,-6.00322680624,-29.6915276346,22.3258564434
2000-09-01,-6.27502479368,-6.75636351415,-28.6736600192,21.1980458422
2000-09-02,-4.82331067716,-7.41933667629,-29.8585364253,20.7584582883
2000-09-03,-4.33346750354,-7.93428989071,-31.0249449812,21.7490535162
2000-09-04,-4.32384976809,-8.13786091621,-32.3678552676,21.946346877
2000-09-05,-5.38946059388,-7.81215542754,-31.961756249,22.8109607321
2000-09-06,-4.69186073791,-7.34927605648,-32.5267446786,22.9281455961
2000-09-07,-4.7635159206,-6.8137967597,-33.5358736589,23.8814657256
2000-09-08,-4.59992954632,-6.45028274171,-31.742153883,24.7911038047
2000-09-09,-4.32237476541,-4.89746896581,-30.4012921764,25.6130091576
2000-09-10,-3.19838398182,-4.31012595939,-30.4124248531,26.135014712
2000-09-11,-5.76937100088,-4.31914474485,-30.7804764477,26.9349354426
2000-09-12,-6.36598261736,-4.9230392969,-30.1554623789,27.1488912449
2000-09-13,-4.63921791669,-5.58700969727,-29.9551601581,26.1180726634
2000-09-14,-4.70513096303,-7.44845885913,-29.1087794211,25.0294112186
2000-09-15,-5.09627137492,-7.68159734481,-30.2324797991,25.7617660886
2000-09-16,-5.18756594492,-7.69440201342,-30.9401391904,25.1399096796
2000-09-17,-4.41265722376,-7.51234731952,-30.3702515192,24.962377816
2000-09-18,-4.80432493989,-8.20726908417,-30.0230027845,27.2051104268
2000-09-19,-4.05829280381,-8.84331227217,-28.7272331822,27.1193604112
2000-09-20,-4.58714211459,-7.28956316636,-29.9752431742,27.1362975841
2000-09-21,-2.91718979927,-9.27436228335,-29.1023511622,27.0706782772
2000-09-22,-2.06797981202,-11.2405294353,-27.1863891561,28.8712927872
2000-09-23,-1.31796185656,-11.6068666012,-26.950977345,27.4889789972
2000-09-24,-1.57314125345,-12.5093614479,-26.8718439107,26.9086029302
2000-09-25,-1.23399804704,-12.6262076575,-26.6357458022,27.9430454321
2000-09-26,-0.572185861758,-13.7888464231,-28.5772588152,28.7305831482
2000-09-27,-0.281945270191,-12.6092093629,-29.7741418023,29.1444034907
2000-09-28,-0.694912136499,-14.6346824446,-27.9489908355,27.9246700477
2000-09-29,-2.64864904349,-14.6406937832,-28.2990457236,28.8083687642
2000-09-30,-3.88900044911,-14.9691931456,-29.5773749658,28.2052907371
2000-10-01,-3.514284351,-15.6607346403,-29.6374097559,29.2835365616
2000-10-02,-3.28318757426,-13.9959695489,-30.7571508854,28.935466967
2000-10-03,-5.01526901597,-14.1913384489,-29.9658794603,27.8552556647
2000-10-04,-5.60691697673,-14.2043291717,-29.8534945208,28.4275783721
2000-10-05,-5.22350213239,-12.6992611383,-30.016865989,29.024174509
2000-10-06,-5.82131565992,-14.0740906525,-29.892083714,28.095083544
2000-10-07,-4.48578205828,-14.949816473,-31.0806543456,29.0111316742
2000-10-08,-6.28160114126,-14.5811230743,-30.349560651,29.6103569591
2000-10-09,-6.62008842092,-14.0576834609,-29.5016615842,29.8228896331
2000-10-10,-7.34920621376,-13.993702318,-30.1908716364,29.5887665131
2000-10-11,-8.65451115206,-14.4765314116,-29.9608150325,29.3817454977
2000-10-12,-10.014613589,-15.3541039421,-29.3523059473,29.8153082743
2000-10-13,-9.31172226621,-15.0989816497,-28.4472765936,29.7201206899
2000-10-14,-9.36063957282,-14.87398974,-28.6807944055,29.2358149114
2000-10-15,-10.5816915889,-15.0418805496,-29.4956904519,30.6039673101
2000-10-16,-10.1844573338,-16.4214914152,-28.961050913,32.4050068021
2000-10-17,-8.56152618523,-18.0437225833,-29.8304148125,32.2873344333
2000-10-18,-7.26716513388,-20.9188311088,-29.7485545597,31.0938539197
2000-10-19,-7.53252011056,-22.1210181168,-32.2011151951,29.7997009506
2000-10-20,-6.29919829183,-23.23784085,-32.1110373263,29.0869715132
2000-10-21,-6.35582807264,-22.3507614922,-32.5371362552,29.3931549166
2000-10-22,-7.81554599944,-22.6258879345,-33.1131532383,30.3698661113
2000-10-23,-6.59380557937,-21.7451338461,-33.7537967825,29.6274741544
2000-10-24,-6.3032869607,-21.868922541,-33.0019906425,30.4852610913
2000-10-25,-4.87068186587,-22.673352062,-32.6162170526,30.7756817238
2000-10-26,-4.76916980952,-22.9642984715,-33.0727904766,31.0545983899
2000-10-27,-7.34811006239,-23.8307587385,-33.9265371586,31.9512495192
2000-10-28,-7.77180430885,-25.3111877048,-33.7103043316,32.6599296958
2000-10-29,-7.22594782797,-26.2465813358,-32.6577853696,32.4044262557
2000-10-30,-7.3193398195,-25.9652340552,-33.8264870095,33.1552461193
2000-10-31,-7.79996555481,-27.4995321081,-32.1067428704,32.7256659029
2000-11-01,-7.82636472292,-28.7317383517,-31.6734741768,34.0456949987
2000-11-02,-8.06206948579,-26.2378316619,-31.4468974092,34.079245823
2000-11-03,-7.2592625282,-29.6727705057,-33.4930820074,35.0856102741
2000-11-04,-8.259007065,-29.0686849769,-32.2411637883,34.598560108
2000-11-05,-9.0550643948,-29.3926666588,-33.0340156777,35.6884990644
2000-11-06,-11.3405484756,-30.4529481067,-33.3450289499,36.0445167699
2000-11-07,-11.0247071592,-28.5252815387,-32.6643337617,35.666603176
2000-11-08,-10.4573558395,-28.7374012692,-32.8935644664,36.7441124115
2000-11-09,-9.98028494141,-30.0154097438,-32.4531680204,36.0163739025
2000-11-10,-10.1664056749,-30.6020106408,-32.5963230812,35.3631780853
2000-11-11,-8.58945132352,-31.4758425391,-33.7500800573,35.9096669056
2000-11-12,-8.30765763735,-31.8713198972,-35.7937665594,34.7172827195
2000-11-13,-7.93253414073,-31.4640568868,-36.1473453371,36.0801887996
2000-11-14,-8.21029457179,-31.6826174695,-35.4454405313,35.3342022385
2000-11-15,-7.35102959945,-32.5289315141,-36.438223186,35.5375805207
2000-11-16,-6.84960946818,-32.4319030455,-38.6210833713,34.8771317534
2000-11-17,-7.98067529474,-32.0373156347,-37.8408218685,34.4862152976
2000-11-18,-8.6191011623,-30.4469940874,-37.9977480808,35.3025987594
2000-11-19,-9.19846212985,-31.4054745617,-37.8249428591,35.3703589923
2000-11-20,-8.8086282383,-31.0541033256,-36.7773674166,36.5795459788
2000-11-21,-8.91102127715,-30.089589242,-37.4991096757,36.9580848437
2000-11-22,-7.96181904964,-30.7020250397,-37.4095048658,36.7658321897
2000-11-23,-8.55394263239,-30.9307599551,-37.1521714303,39.2292400353
2000-11-24,-8.90422278475,-31.8159871625,-36.1615234007,37.8676537258
2000-11-25,-8.33564696095,-31.9688601506,-36.1675473821,37.8143189045
2000-11-26,-8.25761708221,-32.3773316589,-37.6577329744,38.8020167488
2000-11-27,-6.39721023123,-32.7697958659,-37.659457166,37.9896525835
2000-11-28,-7.90634277484,-34.6998215618,-38.0271348243,36.6518814032
2000-11-29,-7.77792936965,-36.9080545874,-38.1332718269,36.9239225886
2000-11-30,-6.80887054072,-36.9513906312,-39.5286632968,37.6721674622
2000-12-01,-5.54801567447,-38.74382772,-41.5357052269,38.1845354361
2000-12-02,-5.45113377949,-38.4788860977,-41.0881518496,38.5455198297
2000-12-03,-5.59577104878,-38.381133047,-40.7463582183,38.6383804951
2000-12-04,-6.24012868372,-38.4403729452,-40.2254388598,40.1248836524
2000-12-05,-6.48196168614,-38.6253647385,-41.1908062258,39.6586133157
2000-12-06,-7.89383352397,-38.7748304756,-40.0769664859,42.0554033882
2000-12-07,-8.51356195205,-39.4946211537,-39.658531844,41.1619514882
2000-12-08,-7.44374474356,-38.8931534994,-40.5908013403,40.4870986192
2000-12-09,-7.89978256637,-39.5178233286,-39.4442005456,41.6293824561
2000-12-10,-9.27723479784,-40.3166950483,-41.1715234236,42.6599605049
2000-12-11,-9.50386849117,-40.0396601547,-41.4663559976,42.1843590277
2000-12-12,-9.89281810451,-39.4548928643,-44.4709741271,42.4753381558
2000-12-13,-10.8514593563,-40.168562744,-44.2685995594,42.3233669807
2000-12-14,-12.2674284045,-40.8463121063,-44.3332754873,41.3678199681
2000-12-15,-11.6085199557,-39.623113249,-44.8186062537,41.4440498174
2000-12-16,-11.6860494595,-38.6166808966,-44.7778306248,42.5177272611
2000-12-17,-9.55808546872,-38.5027672723,-45.0766359002,42.8764447922
2000-12-18,-8.77728480898,-39.3880938177,-45.5373258071,43.2202977396
2000-12-19,-8.92341836011,-39.2480069933,-47.7762543653,41.8782672914
2000-12-20,-9.2619907413,-40.5298324862,-48.1853204808,41.3225138836
2000-12-21,-9.50942385842,-40.4389017707,-47.6516256733,41.652060491
2000-12-22,-10.1633313711,-40.6516141471,-47.085136783,41.5592037277
2000-12-23,-11.7736678745,-40.0387882497,-47.4118767735,42.7344444681
2000-12-24,-12.2207883916,-41.0422319671,-47.6174795372,43.1921164644
2000-12-25,-12.2087952731,-41.4800723434,-46.9054356098,42.9649077262
2000-12-26,-11.179053613,-40.8332993954,-46.3417095597,41.2513591951
2000-12-27,-8.25380348677,-40.4608954401,-44.4766008984,40.6668199224
2000-12-28,-7.76569667523,-40.1990698417,-45.0819619747,42.5680522787
2000-12-29,-7.47533458392,-39.7066776339,-46.6603065805,42.005279507
2000-12-30,-6.49096484025,-39.2670415714,-48.3991515998,42.0617017153
2000-12-31,-6.89957103445,-39.562880086,-48.503824143,41.8715407808
2001-01-01,-8.28527369484,-40.7622816164,-47.199947306,41.2643350366
2001-01-02,-9.20572438058,-39.6253006962,-46.7436078622,41.2743458437
2001-01-03,-8.79223488529,-40.3407753401,-44.6241330549,41.308579647
2001-01-04,-8.14917235902,-40.8402549566,-45.2468643427,41.8950431108
2001-01-05,-8.55662407479,-42.359155698,-46.7219716148,42.3331679576
2001-01-06,-8.67547946806,-44.2855027258,-46.2455466521,40.8750542556
2001-01-07,-9.29815383382,-45.3900751563,-45.7362007162,41.5078557379
2001-01-08,-9.96575241391,-44.3338146719,-46.3589291153,41.7734622286
2001-01-09,-8.4841060937,-43.776554469,-45.1950510854,43.2822825256
2001-01-10,-7.76138566313,-42.7246286016,-44.1982466321,43.7483329077
2001-01-11,-7.20697299684,-41.9079775371,-45.0272330111,43.4968296464
2001-01-12,-7.09792663047,-40.8264831324,-45.2501975971,44.5884537786
2001-01-13,-6.95355853173,-40.6797689614,-44.0356907485,42.8680533276
2001-01-14,-6.92826843939,-40.5988299036,-44.394225374,42.6906812916
2001-01-15,-7.46173768314,-40.7965638156,-43.9800929029,42.815370102
2001-01-16,-6.01216410982,-40.5039851611,-43.5710294141,42.4661041016
2001-01-17,-6.74199127969,-42.4453790789,-44.5124892884,41.9480841771
2001-01-18,-7.25660305489,-42.9828530869,-43.6201834604,43.4458618058
2001-01-19,-7.77560823598,-42.791783536,-41.7541044312,42.4323337948
2001-01-20,-6.9893361199,-42.9059802971,-40.4897342614,43.2358739758
2001-01-21,-7.4961444173,-42.7043462207,-40.753476396,44.1843450923
2001-01-22,-9.02387960101,-42.6906455543,-40.7224145467,44.5394167959
2001-01-23,-9.03172086601,-42.0792494636,-39.9499307255,44.3567667614
2001-01-24,-7.78983760831,-41.5402582649,-40.5475991384,43.6309249646
2001-01-25,-7.08884986273,-42.2200983314,-38.3939696889,42.7648843573
2001-01-26,-6.81894920217,-42.295296136,-39.6567402863,41.8933816086
2001-01-27,-6.33140253526,-40.8891561267,-40.7355243681,42.0804705818
2001-01-28,-6.75632916754,-41.0894579795,-41.1960714894,43.1639799855
2001-01-29,-5.76958465503,-40.5973701875,-41.5147823551,42.3653632921
2001-01-30,-5.89044749961,-40.6150599253,-40.2521507831,43.0053452923
2001-01-31,-6.66022556843,-40.8419793435,-40.3240887596,42.0753137583
2001-02-01,-5.11495927677,-40.5364722012,-40.6040237638,42.3890767578
2001-02-02,-5.06009689244,-41.0988409225,-39.9806966657,41.8476870196
2001-02-03,-5.05191001604,-40.9228429091,-40.9311784937,41.0802223328
2001-02-04,-3.60966770248,-40.8249844438,-39.4290691936,41.4610372258
2001-02-05,-1.83626811068,-40.7484576617,-38.4282398084,41.4473418616
2001-02-06,-3.41418296255,-41.0993313584,-37.1457992615,40.5076082985
2001-02-07,-2.07556466288,-42.1870785268,-36.5646675189,41.5698840408
2001-02-08,-1.00459789446,-43.0572780401,-36.4675563577,40.7078914739
2001-02-09,-1.76163256554,-41.4807249773,-37.066951004,40.9718565639
2001-02-10,-2.11138981054,-40.8858141778,-36.5362127462,40.5564506038
2001-02-11,-4.51254336071,-43.4188938474,-36.6220492474,40.6697364692
2001-02-12,-2.8846482289,-45.9419636221,-36.5719258995,42.6342612839
2001-02-13,-3.7021136826,-45.951307697,-38.3273172165,42.4581268284
2001-02-14,-5.48245364872,-45.4315963225,-38.8474250512,41.7971931246
2001-02-15,-6.29895686326,-45.2502335742,-37.2189664051,41.7274523669
2001-02-16,-5.51058601087,-44.8298552558,-36.8633135674,41.967335547
2001-02-17,-5.33939223115,-43.4119945405,-37.5411243679,42.7489603497
2001-02-18,-4.92664652653,-43.9006295271,-37.1573129727,43.4363046729
2001-02-19,-4.65009995048,-44.804504402,-36.3639972557,43.5102925753
2001-02-20,-4.85553945654,-43.9697168583,-37.6470623901,43.0928196625
2001-02-21,-6.46819910839,-44.2978445242,-35.1328077764,42.1734173643
2001-02-22,-5.37453898597,-44.2913231996,-34.8217220353,42.4552125683
2001-02-23,-4.93557095378,-43.4401142933,-34.9506029514,42.7998582136
2001-02-24,-6.33778585013,-43.3544997241,-34.4538204587,44.342446835
2001-02-25,-6.43520214821,-43.2148110092,-34.2262682098,43.2223566483
2001-02-26,-6.20729502752,-44.0891010081,-34.0076192752,43.3659339055
2001-02-27,-5.72207911763,-43.4378467434,-33.5941516166,40.8639233762
2001-02-28,-7.16667230864,-42.9393581046,-33.8359497304,40.9351542755
2001-03-01,-3.82454807159,-41.9836557226,-36.7829291046,39.8923827779
2001-03-02,-4.33178037835,-42.5366187082,-37.231220782,41.354891014
2001-03-03,-3.6887495902,-42.2442537841,-35.7994277453,41.5797256999
2001-03-04,-2.83162650793,-41.4343813167,-35.6408141389,41.2329338044
2001-03-05,-2.30020123469,-41.728199751,-35.5755428049,41.6967903258
2001-03-06,-1.81185951321,-41.2258889174,-35.8416265117,40.7537710638
2001-03-07,-1.0276132794,-39.2900047728,-36.6946987494,41.9240563159
2001-03-08,-0.449247346747,-38.610539662,-34.0473684666,42.7512980581
2001-03-09,-2.77268862274,-37.807819074,-34.313312362,43.170591011
2001-03-10,-3.38558169322,-37.1521123395,-36.4992636196,43.6506373914
2001-03-11,-3.63986152845,-37.003020307,-36.8686569264,44.1040524149
2001-03-12,-3.82757343849,-37.8258542254,-37.948247136,42.9439688907
2001-03-13,-3.60799321271,-38.7210484637,-37.1676163937,42.7020950222
2001-03-14,-5.06239722223,-39.2732480002,-37.0052139121,42.5759904128
2001-03-15,-4.73096433769,-38.9625265974,-38.0610062507,41.9286556637
2001-03-16,-4.08253951364,-39.625564237,-38.4435226937,42.1460213323
2001-03-17,-2.385041607,-39.7947199632,-37.87901991,41.084507126
2001-03-18,-2.2775733376,-38.6114803661,-39.3993896861,41.8501223327
2001-03-19,-3.76277603815,-38.0093740788,-40.4206095697,43.2534395275
2001-03-20,-3.836119064,-37.760809479,-40.1002957785,43.7206852996
2001-03-21,-3.79472544389,-37.0041164715,-39.8373047738,43.8774358196
2001-03-22,-4.1056028635,-38.8895124956,-40.1164420506,44.7252088292
2001-03-23,-3.69406988661,-38.139166933,-40.5405290576,44.3294537348
2001-03-24,-2.90223059618,-38.6441980341,-41.0431020105,45.6509664824
2001-03-25,-2.5418257006,-38.713425535,-41.2729352657,44.4783881513
2001-03-26,-3.10880543679,-38.756856518,-41.6410352887,45.8972575417
2001-03-27,-4.53617823435,-38.9216731222,-40.3936292874,45.5656490021
2001-03-28,-4.52707134904,-37.9744313852,-39.6380550082,44.1863884725
2001-03-29,-6.21250831877,-37.9720969513,-40.8663484152,45.8113811078
2001-03-30,-5.7879754685,-37.735574831,-40.8414490802,46.4632647865
2001-03-31,-5.89296744788,-40.0499427163,-40.4017107409,47.3393406109
2001-04-01,-3.65214636151,-39.7364613922,-39.514475436,47.4294873084
2001-04-02,-5.16447202202,-40.7526912474,-38.5891037731,47.8494368609
2001-04-03,-5.2076446454,-41.2385025527,-40.2193100572,47.0922484083
2001-04-04,-5.93671389258,-41.6247979163,-40.6193417287,48.1107157342
2001-04-05,-5.63572939529,-42.2695563847,-39.6658715622,49.0217257087
2001-04-06,-6.30628957409,-41.570343864,-40.3356340836,48.7061753403
2001-04-07,-6.55534007239,-44.1033068001,-40.0811985455,48.6047894828
2001-04-08,-8.08531320004,-45.0447484195,-41.8902856048,50.345152005
2001-04-09,-7.59717759001,-44.3195578117,-42.8386396731,47.9002128678
2001-04-10,-7.02622793662,-44.2325839158,-42.45604186,49.1042694525
2001-04-11,-7.07062654802,-45.0729425332,-42.0923149433,47.9777133947
2001-04-12,-6.32091270763,-44.3817308246,-42.0691813433,48.6618083123
2001-04-13,-5.34287439881,-44.1000983041,-43.0331246059,49.0954477551
2001-04-14,-6.06030843513,-43.2405691568,-44.0898311447,49.0999127816
2001-04-15,-6.04108380645,-43.43351394,-42.7836475496,47.8837361937
2001-04-16,-6.98485713235,-43.2456080538,-43.3170444001,47.4641756701
2001-04-17,-4.73276579915,-44.345970613,-44.5303336236,47.8376416729
2001-04-18,-7.23184373902,-45.4939687659,-43.690237429,48.5373521286
2001-04-19,-6.64625232119,-45.3371066742,-44.6588181844,48.4017179688
2001-04-20,-5.96750599164,-46.6971948403,-44.3818669558,47.7624794709
2001-04-21,-6.85614432873,-47.9231627269,-42.8708600991,47.2072432434
2001-04-22,-6.40500947533,-46.4139749141,-42.6980377928,46.9051487666
2001-04-23,-7.3122247634,-47.5947299058,-43.1461167647,46.4998458147
2001-04-24,-7.44694868664,-46.715286841,-42.1637637487,46.6603383675
2001-04-25,-9.59572009282,-47.8044620161,-45.5361908456,45.9735858374
2001-04-26,-9.59843434812,-48.4639887341,-45.6144321294,47.0062623643
2001-04-27,-9.13743241603,-47.5180010928,-44.9722933332,47.0684667735
2001-04-28,-9.77404726025,-47.8700080318,-45.7930776141,45.9525245569
2001-04-29,-10.3980100462,-49.1872930085,-44.5229903473,45.7053798041
2001-04-30,-10.0820857296,-47.7669422313,-44.8436803525,44.0710010835
2001-05-01,-11.3407780074,-47.191372909,-46.6005927406,43.5146060999
2001-05-02,-9.36166826443,-47.7240069735,-48.0769902528,43.4803528986
2001-05-03,-10.6826380282,-49.2531733298,-49.2068065813,43.3815710716
2001-05-04,-11.547335988,-47.5308951212,-50.8036222584,43.4492895268
2001-05-05,-11.0548371223,-48.2995262246,-50.374808977,43.6841302674
2001-05-06,-12.1576883679,-47.4211061105,-52.2229797287,45.3265341748
2001-05-07,-11.14962147,-46.7641409455,-54.1723297988,45.2097025719
2001-05-08,-12.0347146415,-46.9848617796,-54.5535502496,44.0863798287
2001-05-09,-13.0628244175,-45.3023242138,-54.5240003942,44.1264463281
2001-05-10,-13.9313345045,-45.887073394,-54.6221773018,43.780925907
2001-05-11,-12.962403771,-46.5497461454,-54.8257316767,44.2614127211
2001-05-12,-12.5052487121,-46.6314431685,-53.3426053332,45.5343029828
2001-05-13,-12.2622256738,-48.468093976,-53.9111941495,45.6174185847
2001-05-14,-11.0628423957,-48.6086694997,-54.2682598992,46.8978786826
2001-05-15,-11.0305345578,-50.460635751,-55.2899393148,47.2515151047
2001-05-16,-12.1068615878,-49.2353984384,-55.5248996699,48.2874121601
2001-05-17,-11.8189110225,-49.2596076983,-57.416317729,47.7575254442
2001-05-18,-9.23798075647,-50.5655086636,-56.6632205131,48.5327656816
2001-05-19,-10.9166346569,-51.4486273091,-57.6558081049,50.7919349229
2001-05-20,-10.30246601,-51.107617766,-58.3687104308,48.8916551373
2001-05-21,-11.5644974335,-49.7207849997,-57.9429079688,49.2380738733
2001-05-22,-12.0129674106,-50.3068352726,-58.4645938999,51.681938984
2001-05-23,-12.1174420908,-48.2381353602,-57.076172859,50.989831948
2001-05-24,-12.5963699503,-47.2031250933,-56.8589650964,52.3694674404
2001-05-25,-11.1153296038,-47.3333588238,-55.9163424043,52.2484529071
2001-05-26,-10.1097407121,-48.7562417287,-56.8923966033,51.920124297
2001-05-27,-11.9249930174,-48.791352301,-54.1465578828,52.8226909403
2001-05-28,-12.1500286024,-49.3688239772,-54.2779520549,51.8926590465
2001-05-29,-11.4807757902,-48.597964096,-53.4588609376,52.7662893105
2001-05-30,-12.4044563335,-48.7236832323,-52.4174724441,51.8351154463
2001-05-31,-12.3741752203,-48.7652492507,-53.5526062821,50.5710471226
2001-06-01,-11.997994451,-49.1532576231,-52.6392369428,51.923515399
2001-06-02,-11.2608176942,-49.5329312947,-53.9652385346,52.1487452485
2001-06-03,-10.1947184103,-50.8384672429,-54.2759110703,52.8197145048
2001-06-04,-8.36227041782,-50.9729787385,-55.2899267322,52.6651433583
2001-06-05,-8.45647309796,-52.0372150721,-55.0132709119,53.5873458555
2001-06-06,-8.86924768646,-53.5512319555,-54.3367059116,52.4407461783
2001-06-07,-8.3403367515,-52.9342903535,-54.0599201836,51.1682943254
2001-06-08,-9.52912271555,-52.8693883848,-54.4253139733,49.796248742
2001-06-09,-10.2618969266,-52.770060919,-55.7457587601,48.9323964052
2001-06-10,-8.65787834536,-52.9663879653,-53.7358005344,48.5692444146
2001-06-11,-9.43101915842,-50.925615417,-51.6535661501,49.546486887
2001-06-12,-8.96249784822,-50.2370392045,-51.8791565545,50.0178482109
2001-06-13,-8.69007659767,-51.026757817,-51.7437081018,50.0432468964
2001-06-14,-8.65856837117,-52.5366737736,-50.8506229125,49.791801673
2001-06-15,-8.32217788892,-52.8825622522,-50.4586260525,50.8599462876
2001-06-16,-6.92829521053,-53.9670204696,-52.131434615,49.0390881715
2001-06-17,-7.70653472673,-53.7512184835,-52.7930122968,47.4659605282
2001-06-18,-7.40299816899,-53.8712694449,-55.429400165,46.8228330599
2001-06-19,-8.07893984868,-54.655986062,-57.2201008538,47.7164877715
2001-06-20,-9.15641751623,-55.6872609881,-56.3194653707,45.3393723462
2001-06-21,-9.20773588361,-55.2963583086,-57.2448807131,47.9881451046
2001-06-22,-7.7937799433,-54.9861350732,-58.9600189811,47.6563733337
2001-06-23,-7.99889646584,-54.1561708398,-59.3331635059,48.2776684534
2001-06-24,-7.78383979536,-53.6242004535,-59.7898228487,48.4763863344
2001-06-25,-8.14344534584,-50.820846304,-60.6026202831,47.77460738
2001-06-26,-9.24653629468,-51.647848359,-59.684693377,47.3901415105
2001-06-27,-10.1432576857,-50.6418293327,-59.9013427858,48.5646191126
2001-06-28,-11.1110590449,-49.4895715681,-60.2391810916,47.3309420209
2001-06-29,-10.6021668021,-48.7984271424,-60.3812076826,47.0040579197
2001-06-30,-7.26325594342,-49.7151253506,-59.8008431535,46.6303577152
2001-07-01,-5.78269923655,-46.8895258211,-58.9589114645,46.9610211643
2001-07-02,-7.28871678041,-48.5763512709,-57.8364377469,45.8505403601
2001-07-03,-6.79711587146,-47.8214148887,-57.6698296665,44.9183524252
2001-07-04,-8.38961830266,-47.2901220422,-57.1770420163,44.3260441372
2001-07-05,-7.95460635235,-49.3041514194,-57.9142252647,44.5897116616
2001-07-06,-7.51095700632,-48.4092988072,-57.1039593789,42.4149560724
2001-07-07,-6.20187840774,-48.0193664013,-57.6646482696,41.3443313969
2001-07-08,-5.65920200851,-48.7655062895,-57.9149385273,41.0144666421
2001-07-09,-4.97889960374,-48.8973728134,-60.4341476321,42.7986475218
2001-07-10,-6.48689354611,-49.227692366,-59.6323605972,42.3058230016
2001-07-11,-7.56434695136,-46.7938844372,-57.723476669,41.9738698656
2001-07-12,-6.502541439,-46.7201324253,-57.6425099979,41.8302712615
2001-07-13,-7.6010231296,-45.8135336279,-58.5805436013,42.2889383278
2001-07-14,-10.3202488615,-45.1577383354,-57.8008179367,41.1606152795
2001-07-15,-10.1549704075,-43.455611953,-56.7311943202,40.5521732357
2001-07-16,-9.06086746954,-42.6578539973,-58.1463508007,39.7636255071
2001-07-17,-9.51585889328,-42.6908759313,-59.9408113018,40.144057934
2001-07-18,-9.56425213966,-43.0116248393,-60.0024650228,40.0721082777
2001-07-19,-9.92546021979,-42.7499120912,-59.207334355,40.6529809001
2001-07-20,-9.83078664901,-41.8004964833,-60.6032968157,41.6640227216
2001-07-21,-10.0032239502,-42.2062097204,-62.8106822332,42.4178735842
2001-07-22,-10.9956771512,-42.4716694792,-61.9184381541,41.0762136973
2001-07-23,-9.11694270874,-43.5332219179,-62.7277154897,41.1992173884
2001-07-24,-8.77059206415,-45.0369803674,-62.1559588974,40.0481270231
2001-07-25,-9.22119327337,-45.7647527523,-62.3995602569,38.6807711357
2001-07-26,-9.25186301975,-44.2182189123,-62.6993267434,38.7369496083
2001-07-27,-8.31582993006,-42.6546626779,-62.3433190997,38.8386076099
2001-07-28,-7.64783995581,-42.6319479863,-63.3320299691,37.6524208819
2001-07-29,-6.86974059984,-42.3828894268,-65.133637483,38.8772739694
2001-07-30,-8.49202500676,-42.6240851694,-65.0152112726,37.8877638698
2001-07-31,-8.09945812719,-42.7102233222,-64.9984449934,37.7920131898
2001-08-01,-7.09415888813,-42.3740984385,-65.4362680375,38.6697883176
2001-08-02,-6.92262871726,-41.3744238534,-65.2299805022,38.4833944943
2001-08-03,-6.63630008715,-41.4230619224,-64.1762213907,39.8613055068
2001-08-04,-4.99641352112,-42.0201002879,-65.6064363748,37.3297829777
2001-08-05,-6.59585147859,-41.1267687472,-65.2801081002,38.7237469372
2001-08-06,-7.51451141502,-40.4009916704,-63.6154412707,38.7784376554
2001-08-07,-8.33692287536,-40.6353491354,-63.4194827149,40.132719318
2001-08-08,-5.86660526096,-40.518355343,-64.1955571577,39.397216603
2001-08-09,-7.45398778612,-39.5787427754,-64.2311077748,39.0580122112
2001-08-10,-6.59799613076,-41.2292375616,-64.3886467855,39.3743608226
2001-08-11,-7.02923061359,-37.7729640222,-64.2088771625,37.4926253497
2001-08-12,-6.44155900555,-36.7438855587,-64.6568030307,37.4211128829
2001-08-13,-7.74310435827,-35.6144542506,-64.8866553486,36.4549047081
2001-08-14,-7.94343752847,-34.9290234946,-63.9543225024,37.6171455853
2001-08-15,-6.70668261387,-35.4212505979,-62.9516853808,37.9913837413
2001-08-16,-8.56293557344,-33.9364428297,-63.2580132735,37.5843969781
2001-08-17,-8.33261014371,-35.0249127673,-64.0203192007,37.0032721433
2001-08-18,-8.09303292945,-34.9110271912,-65.8299056484,35.3281441748
2001-08-19,-8.6485927476,-35.2144166016,-65.4417935435,34.1643979177
2001-08-20,-8.57556427388,-33.6614195202,-68.4096080156,33.0362025817
2001-08-21,-8.85297613634,-32.9534832826,-67.9249750543,32.5428910301
2001-08-22,-7.80363376073,-31.4698239076,-69.8750454948,32.6042516483
2001-08-23,-8.38268731462,-32.1681199536,-69.2131843549,33.2222305389
2001-08-24,-8.0535480468,-31.8407048623,-68.8264887377,32.9237141929
2001-08-25,-7.95395467467,-32.0666617775,-70.2775074574,33.3196723831
2001-08-26,-8.643047568,-34.285532463,-69.9452396024,33.6153051092
2001-08-27,-8.00149449654,-34.3719519317,-70.246834434,33.6509410222
2001-08-28,-8.58544481409,-34.4386481366,-69.4239538291,33.4960343094
2001-08-29,-7.23981782257,-35.3895370179,-71.4348670464,34.6316643278
2001-08-30,-7.81630584405,-34.5549365799,-70.5068488357,34.3093610241
2001-08-31,-8.18131223726,-34.5996742632,-70.5849975598,36.1464046832
2001-09-01,-9.32699471409,-34.0603691537,-71.1834485093,37.2861756193
2001-09-02,-9.26209260939,-34.5868291931,-70.1212395166,37.7367148065
2001-09-03,-8.79599544497,-34.9272721582,-70.1857094436,38.3104493751
2001-09-04,-9.88377452094,-35.503812187,-70.5121778707,38.9107748869
2001-09-05,-8.14046754204,-35.2721847705,-71.1776705087,39.3109745087
2001-09-06,-8.1137839294,-34.6842845281,-70.6308591898,40.6593121087
2001-09-07,-8.97733038043,-34.891657981,-69.9047344496,40.766044902
2001-09-08,-8.96466637742,-36.3106296022,-69.0710138241,40.4362490953
2001-09-09,-9.05263742597,-37.044104914,-68.1289747372,40.6903784507
2001-09-10,-9.81562282974,-36.6008912128,-68.4483576328,39.9070726531
2001-09-11,-9.88262597447,-38.1873791869,-68.9263573363,42.5194907864
2001-09-12,-10.0952359271,-38.8635627939,-70.3770606864,41.2107700124
2001-09-13,-8.80253699242,-38.8238677555,-71.7508175827,42.1226125113
2001-09-14,-9.39726232634,-38.4604441097,-71.8921423477,41.1087711068
2001-09-15,-9.98176907564,-38.5075388709,-72.0153891173,42.7538419808
2001-09-16,-8.31714781993,-36.349129823,-73.0563571878,43.4337618397
2001-09-17,-8.69837482619,-36.0960982209,-71.3245409402,42.0536202838
2001-09-18,-7.61952725301,-37.7631510063,-71.7165240593,40.5670543613
2001-09-19,-8.57386323144,-38.0253921969,-72.3395086948,40.5707597106
2001-09-20,-8.32294777373,-37.550331032,-71.5793493042,40.642938929
2001-09-21,-7.61722434979,-38.9760415075,-72.5593518315,40.7383456744
2001-09-22,-7.44713673228,-38.980599637,-72.8168062441,38.8069793742
2001-09-23,-7.71882624175,-38.0382311417,-72.3388081428,39.0107581316
2001-09-24,-5.46509698739,-38.5738649765,-71.5716484073,39.9844373919
2001-09-25,-6.49298725014,-39.2428420586,-70.5827942891,41.1059457971
2001-09-26,-4.3755889864,-39.6922420856,-71.5536490129,40.7464550593
2001-09-27,-4.63117618356,-41.1242342222,-72.5695554215,40.4535582155
2001-09-28,-3.5069915562,-41.9298780208,-73.4877721979,40.5937377944
2001-09-29,-2.03852427318,-42.7812185731,-74.1631398161,39.3462343416
2001-09-30,-2.80165072496,-44.1220926256,-75.6019068388,38.6454967669
2001-10-01,-3.59616656755,-46.3106643268,-77.2575317283,38.767948833
2001-10-02,-2.81571618359,-44.2608430999,-77.5551052826,41.2186614721
2001-10-03,-3.08318093189,-43.6218558851,-78.2170580058,41.7999501586
2001-10-04,-1.95704884582,-44.8153240818,-79.2188648866,42.1108250422
2001-10-05,-4.84083843842,-43.681382479,-77.2248693315,42.0025020392
2001-10-06,-4.96141498286,-43.7090490048,-76.5254141163,42.3116189187
2001-10-07,-3.98672663573,-45.9999121756,-74.9483598751,41.7068940214
2001-10-08,-4.10814129065,-46.5654654133,-75.1999863915,41.879415446
2001-10-09,-2.03203796205,-47.2286474467,-75.104304291,40.3430483688
2001-10-10,-1.61777357959,-47.4242399812,-76.4075202989,40.4817387041
2001-10-11,-0.444596955956,-48.7722255945,-75.343619843,41.8577787486
2001-10-12,-1.87669027303,-49.8289423972,-74.9516598311,40.8984851202
2001-10-13,-1.72837351594,-51.0715554116,-74.5148502271,42.239105365
2001-10-14,-2.9542769116,-51.3085658633,-75.3827480976,41.0038714522
2001-10-15,-2.44492999707,-51.0874371631,-75.8089167392,42.725585147
2001-10-16,-2.64264955208,-50.9636442002,-76.6287541587,42.6840885215
2001-10-17,-2.82615862952,-52.0258204711,-76.7158229,43.4594713748
2001-10-18,-3.06968563218,-53.1055865871,-77.8558822032,43.0388059085
2001-10-19,-2.83671836954,-52.6647600532,-78.599756906,43.3136899832
2001-10-20,-2.24444269256,-53.6656038548,-79.6133883732,42.7792189419
2001-10-21,-3.44672192966,-53.6022557735,-79.83577135,43.6652097657
2001-10-22,-0.95226682766,-54.7350971037,-78.9440301788,43.3342292691
2001-10-23,-1.34940058482,-56.0813487128,-80.7946742548,42.675201789
2001-10-24,-1.90081482034,-56.5117619354,-79.6380615404,43.6344279073
2001-10-25,-4.02635519867,-55.9508936726,-80.8211093586,44.0264679597
2001-10-26,-4.75929080494,-57.1656148626,-82.4145958272,43.9889120336
2001-10-27,-5.54126959041,-58.8967979785,-82.4000334921,45.7585818375
2001-10-28,-5.47185398415,-59.6964384018,-82.6372830941,45.2594646639
2001-10-29,-7.20934762254,-59.7537785514,-81.2706993979,45.5514220257
2001-10-30,-7.62055742445,-59.6071772037,-81.8442178967,46.1228056413
2001-10-31,-7.4926442982,-61.3184021687,-81.5805810376,44.7165499205
2001-11-01,-8.2931756945,-61.2846655916,-80.6835418388,44.7583546397
2001-11-02,-7.8340694475,-60.3767985754,-81.3910826571,43.7765679344
2001-11-03,-8.97603843693,-59.447204055,-80.0092995524,44.6310872682
2001-11-04,-10.0544209779,-59.0951718163,-79.6318515214,44.2365597089
2001-11-05,-9.57175018943,-58.634833078,-82.9048687211,44.3493115894
2001-11-06,-8.72599918667,-58.4627578889,-81.5078845085,44.5390092661
2001-11-07,-8.12716348859,-57.7342453793,-81.9273706347,42.6840397116
2001-11-08,-5.00333462733,-58.4640771341,-80.4647251912,43.8041067893
2001-11-09,-5.04133239018,-59.0779839066,-80.5886688353,43.5554860682
2001-11-10,-5.32351472872,-58.5796541811,-79.5953370542,43.9359565005
2001-11-11,-3.99850956233,-58.6470278729,-78.9342255479,43.4286692738
2001-11-12,-4.12577439907,-57.989522946,-77.9153984471,43.6946913326
2001-11-13,-3.48752653756,-57.8736990794,-75.9610194259,43.2697138329
2001-11-14,-4.12688205346,-57.6743157358,-75.3042812987,42.9322590306
2001-11-15,-3.21591547613,-57.0794472753,-76.0529196154,42.7464540094
2001-11-16,-2.85521984988,-55.7582676878,-77.2283482171,42.4265665838
2001-11-17,-1.82214797872,-54.6211649315,-75.6229082399,42.3846489701
2001-11-18,-2.51601756149,-54.5728189291,-75.0749416494,41.7458383692
2001-11-19,-2.26157037155,-52.8204752569,-75.4811469279,40.9743725681
2001-11-20,0.0130828538398,-52.209630565,-76.2067396584,40.4830148345
2001-11-21,-0.311820450497,-51.550921485,-76.5331408971,40.0862468779
2001-11-22,-1.14414727241,-51.4092498227,-77.5180851584,39.4891810685
2001-11-23,-1.70112204477,-52.2747210477,-77.1347123495,39.1505632996
2001-11-24,-1.54362303164,-52.3458763733,-76.0911647491,40.0211622405
2001-11-25,-2.66217722654,-52.5812941565,-75.9694265758,40.6952941743
2001-11-26,-3.9205630927,-52.7276466585,-76.3080973073,42.0544022782
2001-11-27,-2.91388516252,-53.1155902917,-76.9546187673,41.2390360438
2001-11-28,-3.51845628279,-53.8198333657,-77.6512512008,42.6497286078
2001-11-29,-2.79797854707,-53.6305687029,-76.7546361692,42.6580434802
2001-11-30,-2.31921741472,-52.9801164106,-77.3984431342,43.8723267478
2001-12-01,-2.67828878043,-53.3139555668,-77.7574564266,43.6483072338
2001-12-02,-2.14133875952,-52.4643232791,-77.1803747613,42.771395977
2001-12-03,-4.23116960132,-52.3274674114,-76.870009169,45.082844746
2001-12-04,-2.84520989814,-51.6285997116,-75.6938596442,44.0296487134
2001-12-05,-2.74098493945,-53.4886935172,-76.8440193275,43.6486483061
2001-12-06,-2.66473148193,-54.8037437624,-77.6674171387,43.7510394165
2001-12-07,-3.2619203114,-54.5749445996,-76.6863841304,45.4902469906
2001-12-08,-4.18059844083,-54.1950391248,-78.4411955552,46.4956906633
2001-12-09,-3.86838438404,-54.4388892796,-79.169574379,46.2728989251
2001-12-10,-4.3598309003,-55.4786258986,-79.3252746377,46.0338184979
2001-12-11,-6.09693621637,-56.5045302995,-80.1459157754,45.1080060167
2001-12-12,-6.64774697422,-57.8652254431,-81.5512062848,46.5281052139
2001-12-13,-6.68580991776,-57.4998823274,-79.6931991373,47.5557712801
2001-12-14,-6.54747613838,-57.2072432075,-79.7685869044,49.1140118486
2001-12-15,-6.00098221182,-57.3851480252,-79.3052272585,50.5584589248
2001-12-16,-4.44153987466,-56.886883516,-80.9078912084,50.7848732056
2001-12-17,-5.22270762414,-55.4453787997,-80.2788752748,50.0159658312
2001-12-18,-3.87203184236,-56.0637546369,-79.703149283,50.0241381163
2001-12-19,-4.49572357148,-53.6765193829,-80.0381945985,48.9088761882
2001-12-20,-5.28379727997,-54.9443054494,-80.9273169447,49.5191172868
2001-12-21,-7.01175085607,-55.8944175881,-79.590229185,50.5078326762
2001-12-22,-7.47837275983,-54.9050153407,-80.7296772444,49.3080191185
2001-12-23,-5.93302978094,-56.2155988645,-80.9102793816,50.2722101962
2001-12-24,-6.59207556785,-55.0476040789,-81.3299514375,51.0435010305
2001-12-25,-6.39845140613,-54.9555102043,-80.9094712404,50.3982909129
2001-12-26,-6.09224706754,-56.9046189598,-80.970679182,49.7577499033
2001-12-27,-5.94411231357,-57.2415416388,-80.3037695805,49.2535011758
2001-12-28,-6.41857991988,-57.4744942989,-80.4770053133,50.1065249775
2001-12-29,-5.85691269959,-57.3249855742,-79.9098338984,48.8055730245
2001-12-30,-4.97330172246,-57.354202321,-79.4771602601,49.3768276222
2001-12-31,-4.68110462561,-56.6257441071,-78.9736573044,49.5473019088
2002-01-01,-5.15073549461,-56.5258523899,-80.0795303273,49.5742164596
2002-01-02,-5.35981162675,-58.5453960719,-78.442031025,48.7444106035
2002-01-03,-5.12180166077,-58.2374383878,-79.3825223336,49.2115661188
2002-01-04,-7.08940342468,-59.3411902351,-79.0024222387,48.3652629739
2002-01-05,-5.92484624458,-59.308785299,-78.5404615753,47.5108621168
2002-01-06,-8.87158674566,-57.419278933,-78.3731044067,45.8837077516
2002-01-07,-10.8211924794,-58.0881639235,-79.127141665,46.5676609657
2002-01-08,-9.65983318651,-60.1889812958,-77.9453608215,44.8421416113
2002-01-09,-8.82654015173,-59.360484023,-79.3803955141,43.9254112497
2002-01-10,-8.89184809979,-59.2360409665,-80.1201907679,43.790621327
2002-01-11,-7.71390651358,-58.8038556735,-81.0043513562,44.6534379888
2002-01-12,-7.35437342859,-57.9980569826,-80.9787552765,45.6642041969
2002-01-13,-7.5542638711,-56.751190812,-80.3157795312,45.2130512177
2002-01-14,-7.25388385974,-55.9550700726,-81.9958894712,46.1703034571
2002-01-15,-7.49494373303,-53.7372922808,-82.9558484369,47.3572438086
2002-01-16,-9.32202678717,-54.0268695762,-82.064149581,44.7673518661
2002-01-17,-9.57114790594,-53.8096085374,-81.6240133549,45.7651634617
2002-01-18,-10.0845753334,-54.1498189376,-82.6446282851,46.897536766
2002-01-19,-9.74444300377,-52.1977267222,-83.7234701949,46.7683289743
2002-01-20,-9.46076355918,-53.1778530177,-84.2820164842,47.7977679814
2002-01-21,-10.0699001434,-51.670309122,-85.1659336164,48.3235779672
2002-01-22,-9.20705799839,-53.2338756101,-85.5137470511,48.2640731482
2002-01-23,-10.2633323021,-53.6162490336,-83.7474372219,48.2203459704
2002-01-24,-10.9263075178,-55.3249850667,-81.9055771755,48.7400966831
2002-01-25,-10.4047775668,-55.5600029839,-81.6982058984,45.4435707001
2002-01-26,-10.6423325291,-53.6436902774,-82.8862057758,44.8031883324
2002-01-27,-10.5180592865,-53.5990260902,-82.3300054283,44.2469531271
2002-01-28,-8.96920659629,-54.4856229439,-83.7385076982,44.5668676249
2002-01-29,-7.18934650409,-54.4095672241,-83.2688783059,45.5780301267
2002-01-30,-7.45321978623,-55.8347537298,-82.5858886425,44.2831250454
2002-01-31,-7.75746540423,-57.0111334368,-82.6311041268,44.4624181781
2002-02-01,-7.26162275882,-56.4595451245,-83.3743467149,45.1209316438
2002-02-02,-7.02770381557,-56.1157896705,-82.0936006412,43.7897166667
2002-02-03,-8.05401837757,-54.3189695248,-82.270931459,43.2655840481
2002-02-04,-8.45296339632,-54.120417531,-82.9061024172,44.0514626106
2002-02-05,-6.06016729199,-54.9515914938,-84.1419778647,43.7627826997
2002-02-06,-8.32822898634,-55.2122571207,-84.7582412626,44.7314024102
2002-02-07,-6.02453207182,-54.6529894112,-85.6725227787,43.0527822498
2002-02-08,-6.87849784704,-53.9132279621,-85.5606050021,43.2583378731
2002-02-09,-7.56638253563,-54.406178713,-85.0594134754,44.8765861436
2002-02-10,-7.57681067093,-53.7908030206,-86.2459048004,44.4412058361
2002-02-11,-7.17679788306,-52.1233740897,-86.4056027362,44.763235417
2002-02-12,-8.95341156375,-52.5112258503,-85.8450827589,44.2367474517
2002-02-13,-9.02979810582,-53.4822331983,-86.9505863328,43.4621556884
2002-02-14,-8.56026282387,-52.9957086029,-87.3782571915,42.3642041702
2002-02-15,-10.0422649082,-50.4861632171,-87.3880183628,41.5618669348
2002-02-16,-9.72546406752,-49.9033623428,-87.7105384081,40.9977422157
2002-02-17,-10.1005212334,-47.70474118,-87.2374053527,40.9025210723
2002-02-18,-9.1689200216,-48.287799728,-88.7494320299,40.104118399
2002-02-19,-8.8596317462,-48.4609422111,-88.2329367668,40.3273371192
2002-02-20,-9.46498895874,-49.9825701234,-87.6052860548,40.7789249515
2002-02-21,-8.89111555505,-51.2676613689,-88.621922933,40.8126484768
2002-02-22,-7.89522544593,-51.9422265386,-87.1773580419,41.6488891574
2002-02-23,-9.08768221664,-53.7277152815,-86.9021327125,38.4390402885
2002-02-24,-8.96577602883,-53.5059635044,-85.8494024619,37.8187522362
2002-02-25,-9.08960069321,-53.8574379412,-86.0921493778,38.2492844675
2002-02-26,-8.49476906211,-52.5681994615,-86.9425379297,37.5516981844
2002-02-27,-9.02295359095,-50.7537673552,-86.7272243066,36.2636407611
2002-02-28,-10.0672834873,-50.121789334,-86.6532426186,37.8486933327
2002-03-01,-11.2019248505,-50.1351263134,-87.7354340975,38.5623345701
2002-03-02,-11.9659585072,-47.8685305389,-86.5902420424,39.3879153903
2002-03-03,-10.6344518122,-47.8707631807,-86.9580011924,40.6558472503
2002-03-04,-10.6841816782,-46.903714966,-88.2473857859,40.9170840225
2002-03-05,-8.8764611727,-46.4857588943,-87.3066766283,39.3314486008
2002-03-06,-11.1680851572,-47.5575073644,-85.2651901552,37.2350772585
2002-03-07,-12.3959336979,-47.7221653819,-83.9615850117,36.3227786083
2002-03-08,-12.5565070247,-47.901030439,-82.3731118478,35.3491587343
2002-03-09,-11.9567316744,-49.2078580402,-82.6429779551,35.6172966163
2002-03-10,-12.0500216762,-49.8605021662,-81.5452267,36.7615801052
2002-03-11,-11.636534752,-50.4599593963,-82.5963119922,36.7098225336
2002-03-12,-12.9881790628,-48.6565257634,-81.9304516324,38.1692191398
2002-03-13,-12.1635727702,-48.1601780907,-81.713498608,39.4688034946
2002-03-14,-11.0043607303,-49.7805265821,-82.6502876403,39.2227669626
2002-03-15,-11.8450433201,-50.5687734638,-81.8018194478,39.5468794278
2002-03-16,-13.5320054707,-51.2000701662,-81.2736617036,39.834905683
2002-03-17,-14.4572402627,-52.2023697705,-79.5976824661,40.581944139
2002-03-18,-14.5668231539,-53.3660922546,-79.8739543969,40.6201423331
2002-03-19,-12.2631760751,-51.140816877,-79.088722,40.4202261638
2002-03-20,-12.6134957303,-51.502353651,-78.3640043165,40.6637972431
2002-03-21,-12.8263235383,-53.1292147207,-78.3978333467,44.1690857378
2002-03-22,-15.9612570714,-54.7891652377,-77.3553398389,44.1482092103
2002-03-23,-17.0240484884,-53.9474891162,-78.3868146566,43.9260035397
2002-03-24,-17.0334286045,-52.7498602067,-78.0966691438,43.5854767318
2002-03-25,-16.5608911157,-52.9574851538,-78.7196024617,44.2809062075
2002-03-26,-16.4867400089,-54.0696137471,-80.4002542117,45.5780352292
2002-03-27,-17.0345844843,-54.2764403696,-81.7836348597,46.412589683
2002-03-28,-16.6140617714,-53.7430284419,-82.3884843128,47.2105564431
2002-03-29,-16.7181379642,-51.9021013039,-81.510764572,47.1883878661
2002-03-30,-16.842703046,-53.6716513843,-80.5877144735,48.5995911333
2002-03-31,-17.2444820287,-53.2505220339,-80.9701230233,46.9607384587
2002-04-01,-19.3978117156,-52.354829991,-82.0922375683,46.4751500353
2002-04-02,-19.272972673,-51.7710841611,-82.7933179772,46.9729622749
2002-04-03,-19.2337707542,-51.1085023161,-83.7738651471,47.5036093581
2002-04-04,-19.7789000964,-52.7951843629,-83.9285231166,48.7013920148
2002-04-05,-20.2317977407,-53.0905502082,-83.8970826443,47.4804169765
2002-04-06,-20.2860806518,-51.5274849642,-82.2528867066,46.763708738
2002-04-07,-20.6358303373,-51.1864323083,-83.1950361697,46.6791079489
2002-04-08,-18.5880214816,-51.0096032078,-84.2519276855,47.0836614302
2002-04-09,-20.4193231937,-51.5695397141,-85.5194936826,47.9227107632
2002-04-10,-20.9103682977,-51.6533697727,-86.2046144561,49.0152387301
2002-04-11,-21.1161977767,-52.0139796029,-85.7671382664,49.7564348022
2002-04-12,-20.4161999607,-51.7146445062,-86.0495995509,49.3079429989
2002-04-13,-22.4845346423,-49.684263099,-83.9507099658,48.3987594602
2002-04-14,-21.9566748161,-50.7270672859,-84.4041870212,47.6398418163
2002-04-15,-22.6360267002,-49.7452641043,-84.5662003874,47.1051704349
2002-04-16,-21.9671385536,-50.7181257322,-83.4556796486,47.3320107672
2002-04-17,-21.7571028752,-50.5863064095,-85.0004028887,47.3755113136
2002-04-18,-21.2876537259,-51.748869974,-83.2066268013,47.3100287974
2002-04-19,-21.7918444816,-51.3422772503,-82.0923762945,48.2325099057
2002-04-20,-24.2115339351,-50.6829556336,-80.6083152727,48.5562216898
2002-04-21,-25.0550776136,-50.9029025591,-81.0466250949,49.1263302591
2002-04-22,-25.88356182,-51.9829983829,-82.1553092289,47.9968932651
2002-04-23,-28.7353723822,-52.71230716,-81.7985770251,47.9086391433
2002-04-24,-29.2631120901,-51.796680718,-80.9273815241,47.9213783231
2002-04-25,-29.7532440436,-52.5062375345,-79.922543144,49.5820278917
2002-04-26,-29.5718360696,-52.0146295699,-81.6403119449,48.6406781688
2002-04-27,-29.4376625588,-51.2390784089,-80.3440103397,48.2360298453
2002-04-28,-28.824258488,-50.7908274861,-80.0595598306,46.6100267466
2002-04-29,-28.9579399888,-49.6962283844,-79.9603644239,47.8868484185
2002-04-30,-29.0966050614,-49.7285124224,-81.2887897001,47.3400248936
2002-05-01,-27.6119407996,-52.0037925971,-79.6722193055,47.8932737502
2002-05-02,-28.0466407258,-51.9478486192,-79.1347992159,48.2829856039
2002-05-03,-26.2993082388,-51.1748305682,-78.9669904147,48.6696169926
2002-05-04,-27.058171751,-51.6928679469,-79.0386172314,47.9123932593
2002-05-05,-26.7533841362,-54.2792214852,-80.4906062925,49.4750284822
2002-05-06,-26.9584237591,-54.8927501078,-79.8256728334,48.6779655783
2002-05-07,-26.9539740653,-54.6152391092,-81.0852186073,49.6576194449
2002-05-08,-25.5667217679,-52.0179137923,-82.291205321,51.9101732371
2002-05-09,-25.6033161104,-49.6204502801,-83.540794803,50.0269402159
2002-05-10,-25.4790589865,-48.360078034,-81.780893995,50.8679393718
2002-05-11,-27.0917922253,-49.244454045,-81.1153218754,50.0233895366
2002-05-12,-27.1244790115,-48.3393506052,-83.3146169902,50.1351088121
2002-05-13,-26.613668496,-47.7813668729,-83.5799193853,49.8088977694
2002-05-14,-25.5397091594,-47.55696615,-82.1200408484,49.9574706689
2002-05-15,-26.6178093153,-46.1842987324,-81.9018156786,49.5888348388
2002-05-16,-27.2701307059,-46.7054865414,-82.5278727466,49.0704916257
2002-05-17,-27.2356872286,-44.9410351442,-82.0951194255,51.8917450432
2002-05-18,-26.5530859216,-43.9180247389,-80.5498345343,52.2525997778
2002-05-19,-27.643291587,-43.4128833606,-82.570209888,52.3911504513
2002-05-20,-27.8706404103,-44.2454503683,-83.0100133728,53.9674928455
2002-05-21,-28.3006192937,-44.5162184425,-81.8167773847,53.6379585857
2002-05-22,-30.9371683961,-43.9594639211,-82.5998452717,52.2452739114
2002-05-23,-31.9124883193,-44.503772005,-81.7512651202,50.4401661955
2002-05-24,-32.9053538271,-43.7261472257,-79.3540952637,53.3257601334
2002-05-25,-32.2705990572,-43.9736094458,-80.2188911758,53.920352197
2002-05-26,-29.9666904894,-44.3523277149,-81.424573018,53.1127009512
2002-05-27,-29.9772845449,-45.2858347272,-79.0895048527,52.0090770824
2002-05-28,-30.0646013252,-46.8671603137,-78.1669728095,51.287299989
2002-05-29,-29.8884415222,-46.6476184564,-78.9177486162,49.5804475098
2002-05-30,-30.1138072534,-46.254359862,-78.0762303961,47.6123360604
2002-05-31,-30.9919806844,-46.3503756141,-78.045911741,46.9548696997
2002-06-01,-32.5985750389,-45.0309689186,-78.3169224116,46.366349026
2002-06-02,-33.4312735854,-45.1453433441,-78.1639943213,45.9930749553
2002-06-03,-34.6637525152,-44.5099769738,-79.2933333851,46.3376478994
2002-06-04,-35.3137013013,-43.909607975,-80.1898266236,45.4823116925
2002-06-05,-37.2653606566,-43.7527342696,-80.461769934,46.2058416185
2002-06-06,-39.9118857702,-44.705539953,-80.8259860744,44.0678787626
2002-06-07,-40.4575193075,-44.1081317696,-79.5542017312,42.2457644177
2002-06-08,-40.9306396242,-43.1504560742,-80.0408390543,40.6530985209
2002-06-09,-40.4947975362,-40.0545122177,-79.0898678557,40.6520398661
2002-06-10,-38.9727827777,-38.8009144037,-77.9907509916,41.6279600092
2002-06-11,-39.5465293464,-38.2851147529,-77.7866726198,41.5133440929
2002-06-12,-40.3242584705,-37.4551868745,-76.8189402975,41.5078691385
2002-06-13,-39.6519105795,-39.3487105571,-77.2366653699,39.5373874002
2002-06-14,-40.4964618798,-38.7580440322,-75.9730784442,38.6895096266
2002-06-15,-40.1926762642,-39.4727385824,-77.0238068395,38.8961130437
2002-06-16,-40.1015243861,-40.246884207,-77.6352107083,39.5832496636
2002-06-17,-41.493057817,-38.6476183952,-78.6040670425,40.180919927
2002-06-18,-43.6319353613,-40.156457346,-79.5258723904,38.5347137559
2002-06-19,-44.3029166571,-41.713374746,-80.1797296358,37.4031350887
2002-06-20,-44.0448313247,-40.697131965,-80.4376366909,38.2691555069
2002-06-21,-42.5990005084,-40.8360100678,-80.6995071488,37.1009888168
2002-06-22,-42.5928180967,-40.8868207585,-80.4192352964,37.3925419178
2002-06-23,-44.7227682318,-41.4806282326,-79.2232877444,37.3851214184
2002-06-24,-45.0015940141,-42.5113179865,-78.7539723403,39.2258837884
2002-06-25,-42.7785735787,-39.876165593,-79.0995624707,39.5684584024
2002-06-26,-43.5225546201,-39.5502122363,-78.5292266678,40.5005549358
2002-06-27,-43.9646930152,-38.4356353772,-78.7629100223,40.615623854
2002-06-28,-45.6631786284,-38.0391180618,-79.7182541184,41.5766248148
2002-06-29,-45.8329020123,-37.7023071127,-81.5338463446,40.6501332396
2002-06-30,-46.2278701979,-37.4268386725,-81.3412002478,40.7860436986
2002-07-01,-46.649697083,-36.3528097304,-79.9475632343,42.1758077255
2002-07-02,-45.9201173749,-37.856535481,-79.4949848189,42.927548098
2002-07-03,-45.1628671811,-36.5291995641,-79.0286528268,42.6788128514
2002-07-04,-44.7003487505,-36.5081568279,-79.7223301856,43.4178304632
2002-07-05,-44.4337223785,-35.8863255794,-81.3022657955,42.9904011796
2002-07-06,-44.411647807,-34.5888728385,-82.1524707185,44.4338216411
2002-07-07,-45.6595735819,-34.43029446,-81.9980600868,44.3607304952
2002-07-08,-44.5823786042,-34.8575509238,-80.8239169523,45.6511278899
2002-07-09,-44.1763649328,-33.3997875394,-78.477726262,44.2207665697
2002-07-10,-42.2887388577,-32.3988757921,-79.3692925376,43.8305476413
2002-07-11,-40.9872620798,-33.7665796846,-79.354610844,41.5088554068
2002-07-12,-41.5869834724,-33.4899541223,-80.9524901384,41.7207173333
2002-07-13,-42.5681702247,-34.5807562812,-82.7135179141,42.585159267
2002-07-14,-43.6743467885,-34.4475442359,-82.2095543989,42.5313603297
2002-07-15,-42.4757982633,-33.3694381302,-82.7654993844,42.2229337289
2002-07-16,-43.0180967663,-32.0829862126,-83.3547675748,41.0792558957
2002-07-17,-41.3605083967,-32.55824941,-83.4019132185,39.7134024835
2002-07-18,-39.3233578187,-30.2760324559,-83.7227323625,40.2924925895
2002-07-19,-38.1906182585,-29.2127014115,-82.9495349405,42.3342429067
2002-07-20,-37.8968481509,-28.6436604422,-82.6410413337,41.5925777431
2002-07-21,-37.4443754361,-27.8315596892,-82.972790538,41.3399734849
2002-07-22,-37.7685651136,-28.373774998,-84.5436495093,40.785022152
2002-07-23,-37.7122078445,-27.7253949779,-84.4627621582,41.5224338539
2002-07-24,-37.3150868278,-28.3152159998,-83.200873528,41.7387193302
2002-07-25,-37.8724749137,-27.0389422413,-82.0502633819,41.7091409299
2002-07-26,-36.5221591128,-26.5125805547,-82.8760456729,42.717418177
2002-07-27,-35.6753618491,-25.4534778152,-84.0653557359,41.9817138218
2002-07-28,-37.2045302375,-23.7967753145,-84.8830707277,42.5671401815
2002-07-29,-36.201949076,-23.9821666387,-84.5990444284,42.734301059
2002-07-30,-36.68076017,-23.4394780306,-85.0363343187,43.112799392
2002-07-31,-38.2535444534,-24.0837822251,-83.0553253139,42.2663227925
2002-08-01,-37.1922561111,-22.5361088736,-83.5021980714,42.6875422341
2002-08-02,-37.4104312369,-23.2790681242,-83.903611364,41.842891384
2002-08-03,-39.9723353394,-22.8006738586,-84.9922981126,41.4770414049
2002-08-04,-40.470626052,-19.6589648242,-83.4853754168,41.8676684463
2002-08-05,-40.7223995387,-19.9967009385,-81.6005167166,41.535306597
2002-08-06,-39.6422370088,-18.7110125304,-81.8602910495,41.4532725643
2002-08-07,-38.5305355987,-18.6155760568,-82.5388693636,41.8925057718
2002-08-08,-37.5429849806,-17.1544167123,-82.0267200989,42.0547676327
2002-08-09,-37.6117325781,-16.0276545844,-82.2861491783,43.2250390219
2002-08-10,-36.8342737773,-15.94012893,-80.1455240441,44.793411825
2002-08-11,-36.7105419966,-16.7808675802,-80.5207444582,44.4235137104
2002-08-12,-37.6877244218,-16.0245076944,-81.0942572709,43.5256361474
2002-08-13,-35.7403478728,-17.6996918845,-81.7667445961,42.5309143994
2002-08-14,-34.5163783206,-18.5496838753,-82.7097649682,41.6352138259
2002-08-15,-34.8901421467,-18.0036576844,-80.7328598278,42.6187056322
2002-08-16,-34.7968765265,-17.4293441659,-79.6690347139,41.9290517193
2002-08-17,-36.10082077,-16.4846360999,-79.6725545958,41.5411659309
2002-08-18,-35.925834835,-16.1587419331,-80.2348612171,40.0149482669
2002-08-19,-36.2207985587,-14.9055157048,-81.4126995119,39.8891353017
2002-08-20,-35.4820151493,-15.6559210797,-81.0940599956,39.4864370045
2002-08-21,-36.0620563342,-15.3446469685,-79.0107572492,40.2149086509
2002-08-22,-35.587367262,-15.2246540269,-77.6050032029,41.2354282023
2002-08-23,-34.9101059439,-14.6746168991,-76.849901364,42.3508902134
2002-08-24,-35.4832039221,-13.8867011076,-77.5814755947,42.7790195018
2002-08-25,-36.0136673254,-15.6148064635,-77.1472335654,43.7845681056
2002-08-26,-33.8323711745,-15.3269107454,-77.1431595807,43.7622699566
2002-08-27,-34.0622472364,-14.6895690204,-78.1715505427,44.3956924799
2002-08-28,-34.150385194,-14.1434598149,-77.4954643366,42.0584652224
2002-08-29,-35.7727915582,-14.6310710864,-77.7882267356,41.1263132947
2002-08-30,-36.6293572827,-15.3567384387,-77.5155307979,42.3970738486
2002-08-31,-37.3357962127,-15.0288167128,-77.6402794315,42.8024958565
2002-09-01,-38.5939590021,-15.0319972442,-76.808900384,43.1046437718
2002-09-02,-38.2733460309,-14.5740215574,-77.6540105283,41.3568708766
2002-09-03,-38.3824061573,-14.3611948727,-78.6406848484,41.2042383136
2002-09-04,-38.4013883398,-13.8449285558,-77.2051147947,40.8430134664
2002-09-05,-38.1135590702,-14.0846987677,-76.3620481152,41.973272366
2002-09-06,-38.7586195691,-14.5416321059,-77.56180569,41.6291654706
2002-09-07,-38.0103113431,-14.6736651772,-76.696958108,41.0959072586
2002-09-08,-37.2164085117,-13.9848564,-77.2444156044,40.3635035258
2002-09-09,-37.7299409076,-14.2161314625,-78.2485205961,42.0149162737
2002-09-10,-37.6610441793,-14.3036507772,-77.5741077891,40.2303928746
2002-09-11,-35.672480357,-14.8622356022,-77.2362242002,39.4819265102
2002-09-12,-35.0216230955,-13.2981127438,-77.8866855361,40.080034692
2002-09-13,-33.6440289474,-13.0816169051,-77.1942906344,40.807073009
2002-09-14,-32.3144658494,-12.1719552458,-77.6330822202,40.2704437164
2002-09-15,-32.4144168011,-11.0981919553,-76.0149920515,41.2537208451
2002-09-16,-32.3977893092,-10.0061144686,-76.9860156835,40.7169357806
2002-09-17,-34.5033919545,-8.80264945616,-78.1362079177,40.6550253625
2002-09-18,-34.5086419813,-9.09606750673,-79.4478991793,40.3630221036
2002-09-19,-32.806020371,-10.4823507474,-78.1964502598,41.1648685225
2002-09-20,-32.8798392067,-9.7799306329,-77.7467122717,41.8988059264
2002-09-21,-30.8963242433,-8.72999717341,-77.2108060978,42.025219727
2002-09-22,-29.9289347085,-9.74826013028,-76.1340713214,40.5333573677
2002-09-23,-30.5578111031,-10.0199241646,-76.3011556123,39.8875432953
2002-09-24,-30.3062131472,-11.042034268,-75.5109024663,40.6252426494
2002-09-25,-29.976401781,-11.3426056508,-75.4608073037,39.1978775529
2002-09-26,-28.9644226472,-10.4673062869,-76.0334087849,39.3114928977
